URL,Ostatnie zindeksowanie
https://laweciarz.pro/tania-pomoc-drogowa-nowy-czachulec,1970-01-01
https://laweciarz.pro/tania-pomoc-drogowa-sielec-lesniowice,1970-01-01
https://laweciarz.pro/tania-pomoc-drogowa-stara-pulapina,1970-01-01
https://laweciarz.pro/tania-pomoc-drogowa-struga-bytnica,1970-01-01
https://laweciarz.pro/tania-pomoc-drogowa-swiniowice,1970-01-01
https://laweciarz.pro/tania-pomoc-drogowa-szostaki-sidra,1970-01-01
https://laweciarz.pro/tania-pomoc-drogowa-wolka-nadbuzna-ceranow,1970-01-01
https://laweciarz.pro/tania-pomoc-drogowa-zagliny,1970-01-01
https://laweciarz.pro/tania-pomoc-drogowa-zawidowice,1970-01-01
https://laweciarz.pro/tanie-holowanie-eminow,1970-01-01
https://laweciarz.pro/tanie-holowanie-grzymyslaw,1970-01-01
https://laweciarz.pro/tanie-holowanie-jodlowka-walki,1970-01-01
https://laweciarz.pro/tanie-holowanie-kolonia-dabrowka,1970-01-01
https://laweciarz.pro/tanie-holowanie-krynki-sobole,1970-01-01
https://laweciarz.pro/tanie-holowanie-lesniewo,1970-01-01
https://laweciarz.pro/tanie-holowanie-lewiczyn,1970-01-01
https://laweciarz.pro/tanie-holowanie-lipa-pultusk,1970-01-01
https://laweciarz.pro/tanie-holowanie-lubki-radomin,1970-01-01
https://laweciarz.pro/tanie-holowanie-pakoslawice,1970-01-01
https://laweciarz.pro/tanie-holowanie-pinczata,1970-01-01
https://laweciarz.pro/tanie-holowanie-poniatow-goszczanow,1970-01-01
https://laweciarz.pro/tanie-holowanie-stawiany-skoki,1970-01-01
https://laweciarz.pro/tanie-holowanie-sukowska-wola,1970-01-01
https://laweciarz.pro/tanie-holowanie-suliszewice,1970-01-01
https://laweciarz.pro/tanie-holowanie-suliszewice-blaszki,1970-01-01
https://laweciarz.pro/tanie-holowanie-swoboda,1970-01-01
https://laweciarz.pro/tanie-holowanie-tarnawa-lapanow,1970-01-01
https://laweciarz.pro/tanie-holowanie-tarnowka,1970-01-01
https://laweciarz.pro/tanie-holowanie-tatow,1970-01-01
https://laweciarz.pro/tanie-holowanie-tropiszewo,1970-01-01
https://laweciarz.pro/tanie-holowanie-trzebiesza,1970-01-01
https://laweciarz.pro/tanie-holowanie-turowo-pniewy,1970-01-01
https://laweciarz.pro/tanie-holowanie-wlostow-bogdaniec,1970-01-01
https://laweciarz.pro/tanie-holowanie-zapomnianowo,1970-01-01
https://laweciarz.pro/transport-maszyn-rolniczych-brzeziny,1970-01-01
https://laweciarz.pro/transport-maszyn-rolniczych-chodakowka,1970-01-01
https://laweciarz.pro/transport-maszyn-rolniczych-chwalecin-orneta,1970-01-01
https://laweciarz.pro/transport-maszyn-rolniczych-czamanin,1970-01-01
https://laweciarz.pro/transport-maszyn-rolniczych-debina-krypno,1970-01-01
https://laweciarz.pro/transport-maszyn-rolniczych-gawronki-leczyca,1970-01-01
https://laweciarz.pro/transport-maszyn-rolniczych-gezyn,1970-01-01
https://laweciarz.pro/transport-maszyn-rolniczych-gloskow,1970-01-01
https://laweciarz.pro/transport-maszyn-rolniczych-gutowiec,1970-01-01
https://laweciarz.pro/transport-maszyn-rolniczych-kaweczynek-warta,1970-01-01
https://laweciarz.pro/transport-maszyn-rolniczych-kowalik,1970-01-01
https://laweciarz.pro/transport-maszyn-rolniczych-kozliki-zabludow,1970-01-01
https://laweciarz.pro/transport-maszyn-rolniczych-krobusz,1970-01-01
https://laweciarz.pro/transport-maszyn-rolniczych-lizdejki,1970-01-01
https://laweciarz.pro/transport-maszyn-rolniczych-lubin-koscielny,1970-01-01
https://laweciarz.pro/transport-maszyn-rolniczych-luborzyca,1970-01-01
https://laweciarz.pro/transport-maszyn-rolniczych-lukawica,1970-01-01
https://laweciarz.pro/transport-maszyn-rolniczych-milewo-lomza,1970-01-01
https://laweciarz.pro/transport-maszyn-rolniczych-mlynki-dzialoszyn,1970-01-01
https://laweciarz.pro/transport-maszyn-rolniczych-niedzialka-druga,1970-01-01
https://laweciarz.pro/transport-maszyn-rolniczych-nowe-drygaly,1970-01-01
https://laweciarz.pro/transport-maszyn-rolniczych-olendy,1970-01-01
https://laweciarz.pro/transport-maszyn-rolniczych-sciejowice,1970-01-01
https://laweciarz.pro/transport-maszyn-rolniczych-skarbiewo,1970-01-01
https://laweciarz.pro/transport-maszyn-rolniczych-sklody-piotrowice,1970-01-01
https://laweciarz.pro/transport-maszyn-rolniczych-slawice-szlacheckie,1970-01-01
https://laweciarz.pro/transport-maszyn-rolniczych-stare-chabowo,1970-01-01
https://laweciarz.pro/transport-maszyn-rolniczych-stary-korczyn,1970-01-01
https://laweciarz.pro/transport-maszyn-rolniczych-turostowo,1970-01-01
https://laweciarz.pro/transport-maszyn-rolniczych-zalesie-wielkie,1970-01-01
https://laweciarz.pro/transport-maszyn-rolniczych-zawoda,1970-01-01
https://laweciarz.pro/transport-motocykli-barglowka,1970-01-01
https://laweciarz.pro/transport-motocykli-boduszyn,1970-01-01
https://laweciarz.pro/transport-motocykli-bredynki,1970-01-01
https://laweciarz.pro/transport-motocykli-czastkow,1970-01-01
https://laweciarz.pro/transport-motocykli-czluchy,1970-01-01
https://laweciarz.pro/transport-motocykli-deba-reczno,1970-01-01
https://laweciarz.pro/transport-motocykli-dlugoleka-wielka,1970-01-01
https://laweciarz.pro/transport-motocykli-gosciszka-baraki,1970-01-01
https://laweciarz.pro/transport-motocykli-gotelp,1970-01-01
https://laweciarz.pro/transport-motocykli-justynow-aleksandrow,1970-01-01
https://laweciarz.pro/transport-motocykli-kamienna-nowa,1970-01-01
https://laweciarz.pro/transport-motocykli-kobylanka,1970-01-01
https://laweciarz.pro/transport-motocykli-koscieszki,1970-01-01
https://laweciarz.pro/transport-motocykli-kostry-podsedkowieta,1970-01-01
https://laweciarz.pro/transport-motocykli-lelusin,1970-01-01
https://laweciarz.pro/transport-motocykli-magonie,1970-01-01
https://laweciarz.pro/transport-motocykli-maleczyn,1970-01-01
https://laweciarz.pro/transport-motocykli-nadziejewo,1970-01-01
https://laweciarz.pro/transport-motocykli-niedzieliska-szczebrzeszyn,1970-01-01
https://laweciarz.pro/transport-motocykli-sahryn,1970-01-01
https://laweciarz.pro/transport-motocykli-sworowo,1970-01-01
https://laweciarz.pro/transport-motocykli-terebin,1970-01-01
https://laweciarz.pro/transport-motocykli-troscianka,1970-01-01
https://laweciarz.pro/transport-motocykli-ubrodowice,1970-01-01
https://laweciarz.pro/transport-motocykli-wlonice-wojciechowice,1970-01-01
https://laweciarz.pro/transport-motocykli-wolenice,1970-01-01
https://laweciarz.pro/transport-motocykli-wyrow,1970-01-01
https://laweciarz.pro/transport-motocykli-zelechow,1970-01-01
https://laweciarz.pro/transport-motocykli-zolcza-ugory,1970-01-01
https://laweciarz.pro/transport-pojazdow-chlewo,1970-01-01
https://laweciarz.pro/transport-pojazdow-czerniejewo,1970-01-01
https://laweciarz.pro/transport-pojazdow-debionka,1970-01-01
https://laweciarz.pro/transport-pojazdow-gady,1970-01-01
https://laweciarz.pro/transport-pojazdow-goslaw-byczyna,1970-01-01
https://laweciarz.pro/transport-pojazdow-jezewo,1970-01-01
https://laweciarz.pro/transport-pojazdow-kampinos,1970-01-01
https://laweciarz.pro/transport-pojazdow-klimy-kisielice,1970-01-01
https://laweciarz.pro/transport-pojazdow-konik-stary,1970-01-01
https://laweciarz.pro/transport-pojazdow-koniuszki,1970-01-01
https://laweciarz.pro/transport-pojazdow-krowica-lasowa,1970-01-01
https://laweciarz.pro/transport-pojazdow-lekomin,1970-01-01
https://laweciarz.pro/transport-pojazdow-leszkomin,1970-01-01
https://laweciarz.pro/transport-pojazdow-lucim,1970-01-01
https://laweciarz.pro/transport-pojazdow-mieszuki,1970-01-01
https://laweciarz.pro/transport-pojazdow-moniochy,1970-01-01
https://laweciarz.pro/transport-pojazdow-murzasichle,1970-01-01
https://laweciarz.pro/transport-pojazdow-nowostawy-gorne,1970-01-01
https://laweciarz.pro/transport-pojazdow-nowy-holeszow,1970-01-01
https://laweciarz.pro/transport-pojazdow-obory,1970-01-01
https://laweciarz.pro/transport-pojazdow-oldaki-magna-brok,1970-01-01
https://laweciarz.pro/transport-pojazdow-osnica,1970-01-01
https://laweciarz.pro/transport-pojazdow-perklice,1970-01-01
https://laweciarz.pro/transport-pojazdow-pluskocin,1970-01-01
https://laweciarz.pro/transport-pojazdow-stare-olszyny,1970-01-01
https://laweciarz.pro/transport-pojazdow-stary-drozecin,1970-01-01
https://laweciarz.pro/transport-pojazdow-wilkowa,1970-01-01
https://laweciarz.pro/transport-pojazdow-wiskitno,1970-01-01
https://laweciarz.pro/transport-samochodow-barycz-lopuszno,1970-01-01
https://laweciarz.pro/transport-samochodow-bogdanowice,1970-01-01
https://laweciarz.pro/transport-samochodow-bogumilow-sieradz,1970-01-01
https://laweciarz.pro/transport-samochodow-bratkow-bogatynia,1970-01-01
https://laweciarz.pro/transport-samochodow-budki-michow,1970-01-01
https://laweciarz.pro/transport-samochodow-drzymalowo,1970-01-01
https://laweciarz.pro/transport-samochodow-emilin,1970-01-01
https://laweciarz.pro/transport-samochodow-folusz-debowiec,1970-01-01
https://laweciarz.pro/transport-samochodow-godnowa,1970-01-01
https://laweciarz.pro/transport-samochodow-jenkowice-olesnica,1970-01-01
https://laweciarz.pro/transport-samochodow-kociol-duzy,1970-01-01
https://laweciarz.pro/transport-samochodow-komarowka,1970-01-01
https://laweciarz.pro/transport-samochodow-kramnik,1970-01-01
https://laweciarz.pro/transport-samochodow-krzesin,1970-01-01
https://laweciarz.pro/transport-samochodow-kwilen,1970-01-01
https://laweciarz.pro/transport-samochodow-lachowo,1970-01-01
https://laweciarz.pro/transport-samochodow-lada,1970-01-01
https://laweciarz.pro/transport-samochodow-lekawa,1970-01-01
https://laweciarz.pro/transport-samochodow-ligota-wielka-otmuchow,1970-01-01
https://laweciarz.pro/transport-samochodow-mietno,1970-01-01
https://laweciarz.pro/transport-samochodow-mostkowo-barlinek,1970-01-01
https://laweciarz.pro/transport-samochodow-mszana-gorna,1970-01-01
https://laweciarz.pro/transport-samochodow-nowe-piescirogi,1970-01-01
https://laweciarz.pro/transport-samochodow-nowy-garwarz,1970-01-01
https://laweciarz.pro/transport-samochodow-pluszkiejmy,1970-01-01
https://laweciarz.pro/transport-samochodow-rzy,1970-01-01
https://laweciarz.pro/transport-samochodow-sieciechowice,1970-01-01
https://laweciarz.pro/transport-samochodow-sierpowko,1970-01-01
https://laweciarz.pro/transport-samochodow-skomielna-czarna,1970-01-01
https://laweciarz.pro/transport-samochodow-slupy,1970-01-01
https://laweciarz.pro/transport-samochodow-szarkowka,1970-01-01
https://laweciarz.pro/transport-samochodow-szklary-hyzne,1970-01-01
https://laweciarz.pro/transport-samochodow-wilamow-uniejow,1970-01-01
https://laweciarz.pro/transport-samochodow-wygnanka,1970-01-01
https://laweciarz.pro/transport-samochodow-zbojna,1970-01-01
https://laweciarz.pro/transport-samochodow-zochcin,1970-01-01
https://laweciarz.pro/wyciaganie-z-rowu-bialuty-ilowo-osada,1970-01-01
https://laweciarz.pro/wyciaganie-z-rowu-bolesty-raczki,1970-01-01
https://laweciarz.pro/wyciaganie-z-rowu-bonin-wierzchowo,1970-01-01
https://laweciarz.pro/wyciaganie-z-rowu-dalkow,1970-01-01
https://laweciarz.pro/wyciaganie-z-rowu-dziekanow-polski,1970-01-01
https://laweciarz.pro/wyciaganie-z-rowu-glady-grunwald,1970-01-01
https://laweciarz.pro/wyciaganie-z-rowu-goscieszynek,1970-01-01
https://laweciarz.pro/wyciaganie-z-rowu-grabowo-lubawa,1970-01-01
https://laweciarz.pro/wyciaganie-z-rowu-kalinko,1970-01-01
https://laweciarz.pro/wyciaganie-z-rowu-kolozab-mikolajki-pomorskie,1970-01-01
https://laweciarz.pro/wyciaganie-z-rowu-kopojno,1970-01-01
https://laweciarz.pro/wyciaganie-z-rowu-krzelow,1970-01-01
https://laweciarz.pro/wyciaganie-z-rowu-lubienia,1970-01-01
https://laweciarz.pro/wyciaganie-z-rowu-milochow,1970-01-01
https://laweciarz.pro/wyciaganie-z-rowu-narozniki,1970-01-01
https://laweciarz.pro/wyciaganie-z-rowu-nieszkowice-male,1970-01-01
https://laweciarz.pro/wyciaganie-z-rowu-niezdow,1970-01-01
https://laweciarz.pro/wyciaganie-z-rowu-nowe-jastrzebsko,1970-01-01
https://laweciarz.pro/wyciaganie-z-rowu-osowiec-szlachecki,1970-01-01
https://laweciarz.pro/wyciaganie-z-rowu-pacew,1970-01-01
https://laweciarz.pro/wyciaganie-z-rowu-rybniki-wasilkow,1970-01-01
https://laweciarz.pro/wyciaganie-z-rowu-rydzow,1970-01-01
https://laweciarz.pro/wyciaganie-z-rowu-slaboszowice,1970-01-01
https://laweciarz.pro/wyciaganie-z-rowu-tropy-sztumskie,1970-01-01
https://laweciarz.pro/wyciaganie-z-rowu-wierzbina,1970-01-01
https://laweciarz.pro/wyciaganie-z-rowu-wronki,1970-01-01
https://laweciarz.pro/wyciaganie-z-rowu-zagrody-goraj,1970-01-01
https://laweciarz.pro/wyciaganie-z-rowu-zastawie,1970-01-01
